Workbook

Sheet 問題(成形基礎編） 
K1: 41912
K2: 42348
B3: スキルアップ学習会 問題 (成形基礎 ｼｽﾃﾑ）
F6: 所属 | J6: 氏名
A11: 次の記述内容が正しいものには〇、誤っているものには×を（ ）内につけなさい。
A14: 1, | B14: ﾊﾟﾘｿﾝとは 成形機で溶融させ 円筒状に出てきた材料のことである。 | L14: ( )
A15: 2, | B15: ﾋﾟﾝﾁｵﾌとは バリと製品を分けているところで、製品の強度や透過性能を左右する重要な部分である。 | L15: ( )
A16: 3, | B16: 押し出された樹脂が 収縮してしまう現象を ﾄﾞﾛｰﾀﾞｳﾝと言う。 | L16: ( )
A17: 4, | B17: ﾊﾟﾘｺﾝ とは ﾊﾟﾘｿﾝｺﾝﾄﾛｰﾙの略名で 樹脂の押し出し量をｺﾝﾄﾛｰﾙしている装置である。 | L17: ( )
A18: 5, | B18: ﾊﾞﾘとは 成形時に 製品形状の外側にはみ出している 材料のことである。 | L18: ( )
A19: 6, | B19: 油圧装置は金型の開閉等を行うが 油温は ５５℃以上80℃以下が望ましい | L19: ( )
A20: 7, | B20: ﾎﾟﾃﾝｼｮﾝﾒｰﾀｰとは 金型の開閉など 位置を制御している装置である。 | L20: ( )
A21: 8, | B21: 金型ﾁﾗｰとは 金型へ供給される 冷却水の温度をｺﾝﾄﾛｰﾙしている装置である。 | L21: ( )
A22: 9, | B22: ﾛｽｲﾝ制御装置とは 溶融樹脂の押し出し量の制御を行う装置である。 | L22: ( )
A23: 10, | B23: 材料乾燥機の温度は 水が沸騰する 100℃以上の温度で乾燥するのが望ましい。 | L23: ( )
A24: 11, | B24: ﾀﾞｲｺｱ とは 押し出された樹脂を円筒状のﾊﾟﾘｿﾝ形成する口金の事である。 | L24: ( )
A25: 12, | B25: ﾀﾞｲ 位置決め設定ボルトは ﾊﾟﾘｿﾝの肉厚を決定する 重要な役割を持っている | L25: ( )
... A33: 20, | B33: ｳｴﾙﾄﾞﾗｲﾝとは 溶融樹脂の２つ以上の流れが 合流した部分にできるﾗｲﾝの事を言う。 | L33: ( )
L36: 以上

Sheet Ejercicio(Basico BM)
K1: 41912
K2: 42348
D3: Ejercicio para mejorar la habilidad (Basico del sistema de BM）
G6: Departamento | L6: Nombre
A11: Marca 〇 si es correcto, si no marca × en（ ）
A14: 1, | B14: Parison es el material formado en cilindro que está disuelto en la maquina de BM | N14: ( )
A15: 2, | B15: Pinch Off es el parte donde separa rebaba en producto y es importante para asegrar la robustez o la permeabilidad de producto. | N15: ( )
A16: 3, | B16: Draw Down es el evento que la resina extrudido está encogido | N16: ( )
A17: 4, | B17: Pari Con es abreviatura de Parison Control y es el equipamento de controlar la cantidad de esctrudir resina | N17: ( )
A18: 5, | B18: Rebaba es el material que sobresale de la forma de producto cuando moldea | N18: ( )
A19: 6, | B19: El equipamento hídaulico cierre y abre molde y su temperatura de aceite es deseable que sea dentro de 55℃ y 80℃ | N19: ( )
A20: 7, | B20: Potention Meter es el equipamento que controla la posición como abertura y cierre de molde | N20: ( )
A21: 8, | B21: Chiller de molde es el equipamento que controla la temperatura de agua de refrugeración suministrado a molde | N21: ( )
A22: 9, | B22: Control de Loss In es el equipamento que controla la cantidad de resina disuelta extrudida | N22: ( )
A23: 10, | B23: La temeperatura de secar material es desable más de 100℃ a los que el agua hierve | N23: ( )
A24: 11, | B24: Dai Core es el dado para que forme resina extruido en cilindro (Parison) | N24: ( )
A25: 12, | B25: Los tornillos de fijar posición de Dai es importante para defenir el espesor de Parison | N25: ( )
... A33: 20, | B33: Weld Line es la líne que hace en el punto donde confuye más de 2 corriente de resina disulerto | N33: ( )
N36: Todo

Sheet 解答(成形基礎編）
K1: ='問題(成形基礎編） '!K1:L1 -> 41912
B3: スキルアップ学習会 問題 (成形基礎 ｼｽﾃﾑ）
F6: 所属 | J6: 氏名
A11: 次の記述内容が正しいものには〇、誤っているものには×を（ ）内につけなさい。
A14: 1, | B14: ='問題(成形基礎編） '!B14 -> ﾊﾟﾘｿﾝとは 成形機で溶融させ 円筒状に出てきた材料のことである。 | L14: ( 〇 ) | N14: ＊成形機のヘッド（ダイ・コアの隙間）から出てくる溶融した円筒状の樹脂の名称をパリソンと呼ぶ。
A15: 2, | B15: ='問題(成形基礎編） '!B15 -> ﾋﾟﾝﾁｵﾌとは バリと製品を分けているところで、製品の強度や透過性能を左右する重要な部分である。 | L15: ( 〇 ) | N15: ＊金型でパリソンを喰い切る部分。又、製品では、成形品とバリをカットした部分をピンチオフと云い、強度や燃料透過などの製品性能に大きくかかわる部分。
A16: 3, | B16: ='問題(成形基礎編） '!B16 -> 押し出された樹脂が 収縮してしまう現象を ﾄﾞﾛｰﾀﾞｳﾝと言う。 | L16: ( × ) | N16: ＊ドローダウンとは、押出されたパリソンが、それ自身の自重によって時間的に遅れは伴うが、重力方向に延ばされ、その荷重の分布から垂直パリソンの上の方程伸び、その肉厚も減ずる現象の事を言う。
A17: 4, | B17: ='問題(成形基礎編） '!B17 -> ﾊﾟﾘｺﾝ とは ﾊﾟﾘｿﾝｺﾝﾄﾛｰﾙの略名で 樹脂の押し出し量をｺﾝﾄﾛｰﾙしている装置である。 | L17: ( × ) | N17: ※ ﾊﾟﾘｺﾝとは ﾊﾟﾘｿﾝの肉厚をｺﾝﾄﾛｰﾙする為にﾀﾞｲｺｱの上下運動をｺﾝﾄﾛｰﾙしている装置
A18: 5, | B18: ='問題(成形基礎編） '!B18 -> ﾊﾞﾘとは 成形時に 製品形状の外側にはみ出している 材料のことである。 | L18: ( 〇 )
A19: 6, | B19: ='問題(成形基礎編） '!B19 -> 油圧装置は金型の開閉等を行うが 油温は ５５℃以上80℃以下が望ましい | L19: ( × ) | N19: ＊油圧装置の油温は 55℃以下で使用することが 望ましい（油の劣化・油圧動作ｽﾋﾟｰﾄﾞの安定化の為）
A20: 7, | B20: ='問題(成形基礎編） '!B20 -> ﾎﾟﾃﾝｼｮﾝﾒｰﾀｰとは 金型の開閉など 位置を制御している装置である。 | L20: ( × ) | N20: ※ ﾎﾟﾃﾝｼｮﾝﾒｰﾀｰは 位置を検出している装置であり 制御はしていない。
A21: 8, | B21: ='問題(成形基礎編） '!B21 -> 金型ﾁﾗｰとは 金型へ供給される 冷却水の温度をｺﾝﾄﾛｰﾙしている装置である。 | L21: ( 〇 ) | N21: ※ ﾁﾗｰとは 一般的に 様々装置に供給される 冷却水の温度ｺﾝﾄﾛｰﾙを行っている装置。
A22: 9, | B22: ='問題(成形基礎編） '!B22 -> ﾛｽｲﾝ制御装置とは 溶融樹脂の押し出し量の制御を行う装置である。 | L22: ( 〇 ) | N22: ※ 材料の供給ﾎｯﾊﾟｰ下に装着されている ﾛｰﾄﾞセルで 時間当たりの材料消費を検出し 設定に対する過不足分をｽｸﾘｭｰの回転を変化させ 一定量の押し出しを確保するための制御装置
A23: 10, | B23: ='問題(成形基礎編） '!B23 -> 材料乾燥機の温度は 水が沸騰する 100℃以上の温度で乾燥するのが望ましい。 | L23: ( × ) | N23: ※ 使用する HDPEの耐熱温度が 80℃～90℃、融点 １２８℃ より 乾燥温度は 80℃±５として乾燥する。（１００℃以上の温度で乾燥した場合は 材料同士が乾燥機内で『おこし』状態（粒 同士は癒着してしまう）になってしまい 材料供給ができなくなってしまう。）
A24: 11, | B24: ='問題(成形基礎編） '!B24 -> ﾀﾞｲｺｱ とは 押し出された樹脂を円筒状のﾊﾟﾘｿﾝ形成する口金の事である。 | L24: ( 〇 )
A25: 12, | B25: ='問題(成形基礎編） '!B25 -> ﾀﾞｲ 位置決め設定ボルトは ﾊﾟﾘｿﾝの肉厚を決定する 重要な役割を持っている | L25: ( 〇 )
A26: 13, | B26: ='問題(成形基礎編） '!B26 -> 取り外した ﾀﾞｲｺｱは 熱いので 冷却してから ﾀﾞｲとｺｱを分離し清掃するほうが良い | L26: ( × ) | N26: ※ 材料が冷えて 固まってしまうと 分離できなくなるので 火傷等に注意して 材料が溶融している状態で分離、清掃する。
A27: 14, | B27: ='問題(成形基礎編） '!B27 -> 位置決め設定ボルトは ﾀﾞｲｺｱが冷えている状態で 位置決めと締め付けを行う | L27: ( × ) | N27: ※ ﾀﾞｲｺｱ 設定ボルトは 必ずﾀﾞｲｺｱが昇温してから位置決めと締め付けを行う事。（冷えた状態で締め付けると 昇温時の金属の膨張で 次回の交換時にボルトが緩まない事象とボルトを破壊してしまう不具合につながる為）
A28: 15, | B28: ='問題(成形基礎編） '!B28 -> ﾀﾞｲｺｱの清掃で 焼け焦げなど 清掃しにくい部分は 鑢（やすり）や金属たわしで清掃すると良い。 | L28: ( × ) | N28: ※ ﾀﾞｲｺｱは メッキ処理されているので 傷がつかない様、決められた工具等で行うこと。
A29: 16, | B29: ='問題(成形基礎編） '!B29 -> 押し出し機とは 樹脂を溶融する装置で 供給部/圧縮部/計量部（混練部）で構成されている。 | L29: ( 〇 )
A30: 17, | B30: ='問題(成形基礎編） '!B30 -> ﾌﾞﾚｰｶｰﾌﾟﾚｰﾄとは 小孔が多数あけられたﾌﾟﾚｰﾄで 異物などを除去するためだけの役目をしている。 | L30: ( × ) | N30: ※ ﾌﾞﾚｰｶｰﾌﾟﾚｰﾄは 主に、押し出し機での樹脂の溶融を助ける（溶融時の背圧）役割がメインであり 大きな異物も取れるという要素も持っているが 異物除去はの役割は ｽｸﾘｰﾝﾊﾟｯｸで除去する。
A31: 18, | B31: ='問題(成形基礎編） '!B31 -> ｽｸﾘｰﾝﾊﾟｯｸ（メッシュ）は ﾌﾞﾚｰｶｰﾌﾟﾚｰﾄの後ろ側（ﾍｯﾄﾞ側）に装着し 小さな異物を除去をする役目をしている。 | L31: ( × ) | N31: ※ ｽｸﾘｰﾝﾊﾟｯｸは ﾌﾞﾚｶｰﾌﾟﾚｰﾄの前に装着する。
A32: 19, | B32: ='問題(成形基礎編） '!B32 -> 押し出し機から溶融した樹脂を円筒状に形成する部分をｸﾛｽﾍｯﾄﾞと言う。 | L32: ( 〇 )
A33: 20, | B33: ='問題(成形基礎編） '!B33 -> ｳｴﾙﾄﾞﾗｲﾝとは 溶融樹脂の２つ以上の流れが 合流した部分にできるﾗｲﾝの事を言う。 | L33: ( 〇 )
L36: 以上

Sheet Respuesta(Basico BM)
K1: 41912
K2: 42348
D3: Ejercicio para mejorar la habilidad (Basico del sistema de BM）
G6: Departamento | M6: Nombre
A11: Marca 〇 si es correcto, si no marca × en（ ）
A14: 1, | B14: Parison es el material formado en cilindro que está disuelto en la maquina de BM | P14: ( 〇 ) | R14: ＊Resina disuelta formada en cilindro se llama Parison y sale de Head de la maquina de BM (entre Dia y Core)
A15: 2, | B15: Pinch Off es el parte donde separa rebaba en producto y es importante para asegrar la robustez o la permeabilidad de producto. | P15: ( 〇 ) | R15: ＊El molde moldea Parison. Parison es el parte donde corta producto y rebaba y afecta a la capacidad de producto como robustez y permeabilidad
A16: 3, | B16: Draw Down es el evento que la resina extrudido está encogido | P16: ( × ) | R16: ＊ Draw Down es un evento que el espesor está ligero porque Parison extruido está extendido por su peso con tiempo hacia la dirección de gravedad y tamibén el parte arriba de Parison vertical está extendido por su peso.
A17: 4, | B17: Pari Con es abreviatura de Parison Control y es el equipamento de controlar la cantidad de esctrudir resina | P17: ( × ) | R17: ※ Pari Con es el equipamento que controla movimiento arriba y abajo de Dai Core para que controle el espesor de Parison
A18: 5, | B18: Rebaba es el material que sobresale de la forma de producto cuando moldea | P18: ( 〇 )
A19: 6, | B19: El equipamento hídaulico cierre y abre molde y su temperatura de aceite es deseable que sea dentro de 55℃ y 80℃ | P19: ( × ) | R19: ＊La temperatura de aceite de la maquina hidráulica es deseable que sea menos de 55℃ (para atrasar envejecimiento de aciete y establecer la velocidad de movimiento de la maquina hidráulica)
A20: 7, | B20: Potention Meter es el equipamento que controla la posición como abertura y cierre de molde | P20: ( × ) | R20: ※ Potention Meter no controla pero detecta la poscition.
A21: 8, | B21: Chiller de molde es el equipamento que controla la temperatura de agua de refrugeración suministrado a molde | P21: ( 〇 ) | R21: ※ Chiller es normalemnte el equipamento que controla la temperatura de agua de refrigeración suministrado a varios equipamentos
A22: 9, | B22: Control de Loss In es el equipamento que controla la cantidad de resina disuelta extrudida | P22: ( 〇 ) | R22: ※Load Cell que está instalado debajo del Hopper suministrando material calcula el consumo de material por hora y ajusta la velocidad de excrew a la configración. Es decir, es el equipamento para asegrar la cantidad regular de resina extrucida
A23: 10, | B23: La temeperatura de secar material es desable más de 100℃ a los que el agua hierve | P23: ( × ) | R23: ※ La temperatura maxima de HDPE es 80℃～90℃ y el punto de fusión es 128 ℃. Y por lo tanto, la temperatura de secador es 80℃±5
A24: 11, | B24: Dai Core es el dado para que forme resina extruido en cilindro (Parison) | P24: ( 〇 ) | R24: (Si seca más de 100℃, los granos están pegado entre ellos y no se puede suministrar material)
A25: 12, | B25: Los tornillos de fijar posición de Dai es importante para defenir el espesor de Parison | P25: ( 〇 )
A26: 13, | B26: Dai Core quitado está caliente y por lo tanto es mejor que separa y limpia Dai y Core después de estar frío | P26: ( × ) | R26: ※ Mp se puede separar cuando el material está frío y se endurece. Desarma y limpia antes de que el material esté frío cuidandote que no te quemes
A27: 14, | B27: Decide y apreta los torinillos de fijar posición cuando Dai Core está frío. | P27: ( × ) | R27: ※ Debes fijar la posición de los tornillos de Dai Core y los apretar después de acabar el calentamiento. (Si los aprieta aunque está frío, causa que los tornillos no está aflpjados o los daña en siguiente cambio porque se dilata metal cuando sube la temperatura)
A28: 15, | B28: Es mejor que limpia quemado o parte complicado de Dai Core con lima o sepillo de fregado metal | P28: ( × ) | R28: ※ ﾀﾞｲｺｱは メッキ処理されているので 傷がつかない様、決められた工具等で行うこと。
A29: 16, | B29: Extrusor es el equipamento que disuelve resina y contiene los partes de suminstrar/comprimir/medir (amasar) | P29: ( 〇 )
A30: 17, | B30: Plato de cortacircuitos es el plato con varisos huecos pequeños para que elimine material ajeno | P30: ( × ) | R30: ※ ﾌﾞﾚｰｶｰﾌﾟﾚｰﾄは 主に、押し出し機での樹脂の溶融を助ける（溶融時の背圧）役割がメインであり 大きな異物も取れるという要素も持っているが 異物除去はの役割は ｽｸﾘｰﾝﾊﾟｯｸで除去する。
A31: 18, | B31: Screen Pack (Malla) está instalado atrás del plato de cortacircuitos (al lado de Head) y elimina material ajeno pequeño | P31: ( × ) | R31: ※ Instala Screan Pack furente del plato de cortacircuitos
A32: 19, | B32: Cross Head es el equipamento que forma resina, que disuelve saliendo de extrusor, en cilindro | P32: ( 〇 )
A33: 20, | B33: Weld Line es la líne que hace en el punto donde confuye más de 2 corriente de resina disulerto | P33: ( 〇 )
P36: 以上
